商户ID,商户代码,终端号,商户名,省份,市,区,纬度,经度,用户地址,商圈信息
677296,105000253112534,10005454,,贵州省,贵阳市,南明区,26.577761,106.706956,贵州省贵阳市南明区花溪大道56-6号,待定
677297,105000253112529,10005443,,贵州省,贵阳市,南明区,26.577884,106.70693100000001,贵州省贵阳市南明区花溪大道56-6号,待定
677298,898520141110003,01141099,,贵州省,贵阳市,南明区,26.567875,106.72786699999999,贵州省贵阳市南明区市南巷30号,待定
677299,8495201565100NK,M4063455,,贵州省,贵阳市,南明区,26.569872999999998,106.689057,贵州省贵阳市南明区公园中路,待定
677300,8495201569901H1,M4050913,,贵州省,贵阳市,南明区,26.569883,106.68906499999999,贵州省贵阳市南明区公园中路,待定
677301,8495201701102K2,M3021109,,贵州省,贵阳市,南明区,26.567068,106.679106,贵州省贵阳市南明区延安南路,待定
677302,8495201595000B7,M2919209,,贵州省,贵阳市,南明区,26.554532000000002,106.668865,贵州省贵阳市南明区X125(金竹路),待定
677303,8495201701103HA,M4115788,,贵州省,贵阳市,南明区,26.566622,106.68271499999999,贵州省贵阳市南明区五里冲路,待定
677304,898520154111305,15025201,,贵州省,贵阳市,南明区,26.563081,106.693357,贵州省贵阳市南明区艺校立交,待定
677305,8495201569900I2,M3811794,,贵州省,贵阳市,南明区,26.560036,106.68330900000001,贵州省贵阳市南明区太金线,待定
677306,8495201566100C9,M1966104,,贵州省,贵阳市,南明区,26.55965,106.686644,贵州省贵阳市南明区黄岭路57-1,待定
677307,302701053110006,03020654,,贵州省,贵阳市,南明区,26.573037,106.69801799999999,贵州省贵阳市南明区解放西路隧道,待定
677308,898520159120523,11700631,,贵州省,贵阳市,南明区,26.565490000000004,106.713858,贵州省贵阳市南明区解放路94-5号,待定
677309,105000253112051,10004985,,贵州省,贵阳市,南明区,26.577918,106.706921,贵州省贵阳市南明区花溪大道56-6号,待定
677310,102701055110865,50891001,,贵州省,贵阳市,南明区,26.573865,106.70876200000001,贵州省贵阳市南明区贵惠路35号,待定
677311,898520154111305,15035301,,贵州省,贵阳市,南明区,26.566663000000002,106.73016399999999,贵州省贵阳市南明区嘉润路4,待定
677312,102701059981060,10079042,,贵州省,贵阳市,南明区,26.56800800000001,106.687499,贵州省贵阳市南明区中环路南段,待定
677313,84952015812021N,M4179560,,贵州省,贵阳市,南明区,26.5523,106.671742,贵州省贵阳市南明区西二环,待定
677314,102701059981060,10079044,,贵州省,贵阳市,南明区,26.580349,106.713012,贵州省贵阳市南明区都司路95,待定
677315,102701059981060,10079022,,贵州省,贵阳市,南明区,26.569205,106.717698,贵州省贵阳市南明区尚义路,待定
677316,105701000004693,10000159,,贵州省,贵阳市,南明区,26.568824,106.68748400000001,贵州省贵阳市南明区遵义中路,待定
677317,8495201581400YL,M1966104,,贵州省,贵阳市,南明区,26.559673999999998,106.68728,贵州省贵阳市南明区黄岭路57-1,待定
677318,105000050470428,10001915,,贵州省,贵阳市,南明区,26.563012,106.707145,贵州省贵阳市南明区铁运巷,待定
677319,105000080620322,00104351,,贵州省,贵阳市,南明区,26.5715,106.70446299999999,贵州省贵阳市南明区解放西路32号,待定
677320,84952015812024N,M4050913,,贵州省,贵阳市,南明区,26.569867,106.689066,贵州省贵阳市南明区公园中路,待定
677321,105000253112482,10005435,,贵州省,贵阳市,南明区,26.577884,106.70698,贵州省贵阳市南明区花溪大道56-6号,待定
677322,105000253112476,10005434,,贵州省,贵阳市,南明区,26.577571000000002,106.706925,贵州省贵阳市南明区溪大道北段45号,待定
677323,898520154111189,00160162,,贵州省,贵阳市,南明区,26.563026,106.687551,贵州省贵阳市南明区都会大道,待定
677324,898520141110003,01141749,,贵州省,贵阳市,南明区,26.574341999999998,106.69861399999999,贵州省贵阳市南明区解放西路隧道,待定
677325,8495201546200L6,M2919209,,贵州省,贵阳市,南明区,26.553099,106.67021100000001,贵州省贵阳市南明区,待定
677326,105701000001811,00068328,,贵州省,贵阳市,南明区,26.557515000000002,106.67281299999999,贵州省贵阳市南明区西二环,待定
677327,8495201701103PX,M4063455,,贵州省,贵阳市,南明区,26.569879999999998,106.68906000000001,贵州省贵阳市南明区公园中路,待定
677328,898520154111305,15055051,,贵州省,贵阳市,南明区,26.568960999999998,106.703356,贵州省贵阳市南明区集贤巷,待定
677329,102701073110527,10529001,,贵州省,贵阳市,南明区,26.573975,106.70884299999999,贵州省贵阳市南明区贵惠路38号,待定
677330,8495201581205S1,M4020187,,贵州省,贵阳市,南明区,26.576228000000004,106.723817,贵州省贵阳市南明区箭道街157号,待定
677331,8495201581400VD,M3749838,,贵州省,贵阳市,南明区,26.56180100000001,106.685755,贵州省贵阳市南明区公园中路,待定
677332,105000059126622,10009337,,贵州省,贵阳市,南明区,26.573138,106.70983000000001,贵州省贵阳市南明区青云路,待定
677333,8495201539900WJ,M4020187,,贵州省,贵阳市,南明区,26.548724,106.705721,贵州省贵阳市南明区沙冲南路220号,待定
677334,105000253112527,10005452,,贵州省,贵阳市,南明区,26.577571000000002,106.706925,贵州省贵阳市南明区溪大道北段45号,待定
677335,105000059125802,10007843,,贵州省,贵阳市,南明区,26.573217,106.704675,贵州省贵阳市南明区贵惠路187,待定
677336,898520141110003,01141189,,贵州省,贵阳市,南明区,26.564513,106.723303,贵州省贵阳市南明区南厂路85,待定
677337,84952015451005R,59287136,,贵州省,贵阳市,南明区,26.57759,106.7163,贵州省贵阳市南明区杏坛巷1号,待定
677338,102701059984840,40020001,,贵州省,贵阳市,南明区,26.58243400000001,106.723658,贵州省贵阳市南明区护国路199号,待定
677339,443701054110117,20010104,,贵州省,贵阳市,南明区,26.552576000000002,106.698045,贵州省贵阳市南明区桃园路,待定
677340,84952017011001C,M4020187,,贵州省,贵阳市,南明区,26.545778000000002,106.706535,贵州省贵阳市南明区沙冲东路58,待定
677341,898520141110003,01141374,,贵州省,贵阳市,南明区,26.576110999999997,106.71391799999999,贵州省贵阳市南明区瑞金南路248,待定
677342,105000059126051,10008217,,贵州省,贵阳市,南明区,26.565033000000003,106.714408,贵州省贵阳市南明区二七路7号,待定
677343,84952015661K00M,70092757,,贵州省,贵阳市,南明区,26.55735300000001,106.672023,贵州省贵阳市南明区西二环,待定
677344,898520159120523,11700762,,贵州省,贵阳市,南明区,26.55689000000001,106.707462,贵州省贵阳市南明区朝阳洞路100-2号,待定
677345,102701052110765,90792001,,贵州省,贵阳市,南明区,26.566039,106.710431,贵州省贵阳市南明区遵义路318号,待定
677346,898520141110003,01142317,,贵州省,贵阳市,南明区,26.582171000000002,106.719449,贵州省贵阳市南明区中华南路14,待定
677347,898520141110003,01141105,,贵州省,贵阳市,南明区,26.56925,106.71928899999999,贵州省贵阳市南明区兴关路90,待定
677348,84952017011035Y,M4063455,,贵州省,贵阳市,南明区,26.569875,106.68905,贵州省贵阳市南明区公园中路,待定
677349,105701000004693,10000175,,贵州省,贵阳市,南明区,26.557165,106.680163,贵州省贵阳市南明区,待定
677350,8495201581205C2,M3194234,,贵州省,贵阳市,南明区,26.557349,106.68263600000002,贵州省贵阳市南明区黄岭路,待定
677351,302701053110006,03020760,,贵州省,贵阳市,南明区,26.575883,106.720077,贵州省贵阳市南明区遵义路8号,待定
677352,102701048120523,20525001,,贵州省,贵阳市,南明区,26.574312,106.70873799999998,贵州省贵阳市南明区贵惠路59,待定
677353,849520179970021,M4115788,,贵州省,贵阳市,南明区,26.566565999999998,106.68276100000001,贵州省贵阳市南明区五里冲路,待定
677354,8495201597700BM,M3194234,,贵州省,贵阳市,南明区,26.557349,106.68263999999999,贵州省贵阳市南明区黄岭路,待定
677355,84952015661000M,M3617023,,贵州省,贵阳市,南明区,26.561133,106.68488,贵州省贵阳市南明区公园中路,待定
677356,84952017298005I,M4020187,,贵州省,贵阳市,南明区,26.547926,106.70539699999999,贵州省贵阳市南明区沙冲南路234号,待定
677357,105000056998222,10004601,,贵州省,贵阳市,南明区,26.577909000000002,106.706962,贵州省贵阳市南明区花溪大道56-6号,待定
677358,105701000004693,10000147,,贵州省,贵阳市,南明区,26.561083,106.72619399999999,贵州省贵阳市南明区南厂路,待定
677359,102701059981060,10079049,,贵州省,贵阳市,南明区,26.580197,106.713066,贵州省贵阳市南明区都司路95,待定
677360,102701059490467,80477001,,贵州省,贵阳市,南明区,26.577568,106.700998,贵州省贵阳市南明区花果园街29号,待定
677361,102701082990620,00000001,,贵州省,贵阳市,南明区,26.562934000000002,106.723258,贵州省贵阳市南明区南厂路94-7号,待定
677362,84952017011030B,M3617023,,贵州省,贵阳市,南明区,26.558341,106.68263600000002,贵州省贵阳市南明区黄岭路,待定
677363,302701053110006,03020690,,贵州省,贵阳市,南明区,26.57596,106.72068300000001,贵州省贵阳市南明区阳明路2,待定
677364,826520154510019,30001205,,贵州省,贵阳市,南明区,26.527642999999998,106.69379199999999,贵州省贵阳市南明区干平路,待定
677365,8495201546200KW,M3194234,,贵州省,贵阳市,南明区,26.557345,106.68263700000001,贵州省贵阳市南明区黄岭路,待定
677366,84952015948007U,M3241301,,贵州省,贵阳市,南明区,26.562782000000002,106.68651100000001,贵州省贵阳市南明区都会大道,待定
677367,84952015732002Z,M4212555,,贵州省,贵阳市,南明区,26.553712,106.67138200000001,贵州省贵阳市南明区西二环,待定
677368,8495201569900EB,M4092926,,贵州省,贵阳市,南明区,26.562123,106.653124,贵州省贵阳市南明区,待定
677369,8495201546200J9,M1966104,,贵州省,贵阳市,南明区,26.559675,106.68728300000001,贵州省贵阳市南明区黄岭路57-1,待定
677370,105000253112531,10005453,,贵州省,贵阳市,南明区,26.577761,106.706956,贵州省贵阳市南明区花溪大道56-6号,待定
677371,443701054110059,01005102,,贵州省,贵阳市,南明区,26.56416500000001,106.724139,贵州省贵阳市南明区南厂路151号,待定
677372,8495201581203VY,99112301,,贵州省,贵阳市,南明区,26.545513,106.796627,贵州省贵阳市南明区G210(见龙洞路),待定
677373,8495201565100ZL,M3146199,,贵州省,贵阳市,南明区,26.550933,106.691106,贵州省贵阳市南明区车水路,待定
677374,302701053110006,03020745,,贵州省,贵阳市,南明区,26.575815000000002,106.720032,贵州省贵阳市南明区遵义路8号,待定
677375,105701000004693,10000180,,贵州省,贵阳市,南明区,26.559203000000004,106.68119399999999,贵州省贵阳市南明区太金线,待定
677376,84952017011026G,M3617023,,贵州省,贵阳市,南明区,26.559782000000002,106.68552,贵州省贵阳市南明区黄岭路,待定
677377,898520193110160,01174723,,贵州省,贵阳市,南明区,26.578375,106.71048799999998,贵州省贵阳市南明区瑞金南路3,待定
677378,105000253111686,10004770,,贵州省,贵阳市,南明区,26.577571000000002,106.706925,贵州省贵阳市南明区溪大道北段45号,待定
677379,105000059126406,10008922,,贵州省,贵阳市,南明区,26.564878999999998,106.71868899999998,贵州省贵阳市南明区营盘路16号,待定
677380,8495201545100DW,M3617023,,贵州省,贵阳市,南明区,26.561133,106.68488,贵州省贵阳市南明区公园中路,待定
677381,898520159120523,11700468,,贵州省,贵阳市,南明区,26.561833,106.703024,贵州省贵阳市南明区南冲巷46,待定
677382,105000153119366,10004986,,贵州省,贵阳市,南明区,26.577571000000002,106.706925,贵州省贵阳市南明区溪大道北段45号,待定
677383,898520141110003,01141144,,贵州省,贵阳市,南明区,26.576112,106.699688,贵州省贵阳市南明区花果园大街,待定
677384,8495201581201VF,M4092926,,贵州省,贵阳市,南明区,26.561935,106.653145,贵州省贵阳市南明区,待定
677385,84952017011032R,M4331934,,贵州省,贵阳市,南明区,26.573781,106.70805,贵州省贵阳市南明区贵惠路50号,待定
677386,898520141110003,01142061,,贵州省,贵阳市,南明区,26.554484999999996,106.684596,贵州省贵阳市南明区,待定
677387,826520153310033,30001088,,贵州省,贵阳市,南明区,26.529421999999997,106.685694,贵州省贵阳市南明区五湖巷4,待定
677388,8495201581200AY,M4092926,,贵州省,贵阳市,南明区,26.562085999999997,106.653127,贵州省贵阳市南明区,待定
677389,105000051220064,00102133,,贵州省,贵阳市,南明区,26.575722999999996,106.730476,贵州省贵阳市南明区南明东路十五号,待定
677390,849520172160026,M2919209,,贵州省,贵阳市,南明区,26.548233000000003,106.670905,贵州省贵阳市南明区小车河路,待定
677391,84952015651007W,M3241301,,贵州省,贵阳市,南明区,26.562779,106.68648999999999,贵州省贵阳市南明区都会大道,待定
677392,105000253112483,10005432,,贵州省,贵阳市,南明区,26.577909000000002,106.706962,贵州省贵阳市南明区花溪大道56-6号,待定
677393,105000059126567,10009173,,贵州省,贵阳市,南明区,26.565934000000002,106.71425500000001,贵州省贵阳市南明区解放路96-11号,待定
677394,8495201565100F6,M4233645,,贵州省,贵阳市,南明区,26.566291999999997,106.682331,贵州省贵阳市南明区五里冲路,待定
677395,84952018043005D,M2919209,,贵州省,贵阳市,南明区,26.551332000000002,106.67073700000002,贵州省贵阳市南明区,待定
677396,898520141110003,01141176,,贵州省,贵阳市,南明区,26.566336,106.68645500000001,贵州省贵阳市南明区公园中路,待定
677397,8495201539900OQ,M4092926,,贵州省,贵阳市,南明区,26.562039000000002,106.653044,贵州省贵阳市南明区,待定
677398,105701054110001,10200777,,贵州省,贵阳市,南明区,26.568146999999996,106.686646,贵州省贵阳市南明区中环路南段,待定
677399,302701053110006,03020622,,贵州省,贵阳市,南明区,26.576417,106.72001999999999,贵州省贵阳市南明区遵义路9号,待定
677400,84952015950007R,M3749838,,贵州省,贵阳市,南明区,26.562183,106.685547,贵州省贵阳市南明区公园中路,待定
677401,8495201729800UE,M2364238,,贵州省,贵阳市,南明区,26.54591,106.80250500000001,贵州省贵阳市南明区西南环线,待定
677402,102701059981060,10079040,,贵州省,贵阳市,南明区,26.559915000000004,106.73346799999999,贵州省贵阳市南明区嘉润路,待定
677403,105000253112536,10005455,,贵州省,贵阳市,南明区,26.57776500000001,106.70699499999999,贵州省贵阳市南明区花溪大道56-6号,待定
677404,84952017997000S,M2258829,,贵州省,贵阳市,南明区,26.5624,106.68598,贵州省贵阳市南明区公园中路,待定
677405,105000253112262,10005004,,贵州省,贵阳市,南明区,26.577886,106.707058,贵州省贵阳市南明区花溪大道56-6号,待定
677406,105000056998220,10004602,,贵州省,贵阳市,南明区,26.577902,106.707026,贵州省贵阳市南明区花溪大道56-6号,待定
677407,105000253112257,10005008,,贵州省,贵阳市,南明区,26.577909000000002,106.706962,贵州省贵阳市南明区花溪大道56-6号,待定
677408,898520141110003,01141246,,贵州省,贵阳市,南明区,26.565207,106.726623,贵州省贵阳市南明区南厂路,待定
677409,84952015941009O,M4110766,,贵州省,贵阳市,南明区,26.552167999999998,106.67100900000001,贵州省贵阳市南明区,待定
677410,105701000004693,10000154,,贵州省,贵阳市,云岩区,26.579990999999996,106.70643100000001,贵州省贵阳市云岩区如意巷15号,待定
677411,105701054110001,10110777,,贵州省,贵阳市,南明区,26.564239,106.73055900000001,贵州省贵阳市南明区南岳路81号,待定
677412,8495201701103US,M4013051,,贵州省,贵阳市,南明区,26.567711,106.690202,贵州省贵阳市南明区遵义中路,待定
677413,84952015231005D,M3996720,,贵州省,贵阳市,南明区,26.557069,106.702514,贵州省贵阳市南明区玉厂路,待定
677414,302701053110006,03020751,,贵州省,贵阳市,南明区,26.576146,106.71966299999998,贵州省贵阳市南明区博爱路152号,待定
677415,84952015661K00E,70022569,,贵州省,贵阳市,南明区,26.561804,106.67399499999999,贵州省贵阳市南明区甲秀南路,待定
677416,102701051371639,21655017,,贵州省,贵阳市,南明区,26.555731,106.708196,贵州省贵阳市南明区朝阳巷4号,待定
677417,8495201729800UH,M4092926,,贵州省,贵阳市,南明区,26.562040999999997,106.65308300000001,贵州省贵阳市南明区,待定
677418,105000253112052,10004984,,贵州省,贵阳市,南明区,26.577571000000002,106.706925,贵州省贵阳市南明区溪大道北段45号,待定
677419,102701048120041,20042001,,贵州省,贵阳市,南明区,26.572253999999997,106.71355700000001,贵州省贵阳市南明区青云路411号,待定
677420,8495201581203SL,M3811794,,贵州省,贵阳市,南明区,26.574414,106.704031,贵州省贵阳市南明区沙坡路59号,待定
677421,84952015812036A,M4094655,,贵州省,贵阳市,南明区,26.552184000000004,106.67096200000002,贵州省贵阳市南明区,待定
677422,84952015651003G,M1966104,,贵州省,贵阳市,南明区,26.559664,106.68720400000001,贵州省贵阳市南明区黄岭路57-1,待定
677423,102701057120241,20245002,,贵州省,贵阳市,南明区,26.57400800000001,106.708817,贵州省贵阳市南明区贵惠路38号,待定
677424,898520159120523,11700661,,贵州省,贵阳市,南明区,26.555601,106.689174,贵州省贵阳市南明区青山路,待定
677425,898520141110003,01142065,,贵州省,贵阳市,花溪区,26.517365,106.669728,贵州省贵阳市花溪区,待定
677426,105701000004693,10017884,,贵州省,贵阳市,南明区,26.559773,106.681463,贵州省贵阳市南明区太金线,待定
677427,898520154111305,15085081,,贵州省,贵阳市,南明区,26.571285999999997,106.689834,贵州省贵阳市南明区中山中路,待定
677428,105000253112054,10004982,,贵州省,贵阳市,南明区,26.577761,106.706956,贵州省贵阳市南明区花溪大道56-6号,待定
677429,84952015732007H,M4150639,,贵州省,贵阳市,南明区,26.563051,106.68603700000001,贵州省贵阳市南明区公园中路,待定
677430,8495201581201X6,M3021109,,贵州省,贵阳市,南明区,26.567076,106.67909099999999,贵州省贵阳市南明区延安南路,待定
677431,898520141110003,01140981,,贵州省,贵阳市,南明区,26.566145000000002,106.688763,贵州省贵阳市南明区中环路南段,待定
677432,105000051220064,00102102,,贵州省,贵阳市,南明区,26.551634000000004,106.68928600000001,贵州省贵阳市南明区车水路,待定
677433,102701053310485,30508001,,贵州省,贵阳市,南明区,26.579720000000002,106.713039,贵州省贵阳市南明区都司路188号,待定
677434,898520141110003,01141067,,贵州省,贵阳市,南明区,26.571540999999996,106.70293500000001,贵州省贵阳市南明区贵惠路139,待定
677435,84952015631000P,M3802737,,贵州省,贵阳市,南明区,26.581171,106.713823,贵州省贵阳市南明区瑞金南路,待定
677436,84952015812029O,99112301,,贵州省,贵阳市,南明区,26.545147999999998,106.79618300000001,贵州省贵阳市南明区G210(见龙洞路),待定
677437,105000253112533,10005445,,贵州省,贵阳市,南明区,26.577571000000002,106.706925,贵州省贵阳市南明区溪大道北段45号,待定
677438,84952015812051O,M3241301,,贵州省,贵阳市,南明区,26.562777,106.6865,贵州省贵阳市南明区都会大道,待定
677439,443701054110059,10050104,,贵州省,贵阳市,南明区,26.563915,106.72426499999999,贵州省贵阳市南明区南厂路111号,待定
677440,8495201571200HU,M3194234,,贵州省,贵阳市,南明区,26.557349,106.68264099999999,贵州省贵阳市南明区黄岭路,待定
677441,102701059981060,10079020,,贵州省,贵阳市,南明区,26.5732,106.713378,贵州省贵阳市南明区青云路,待定
677442,102701059981060,10079025,,贵州省,贵阳市,南明区,26.577552,106.71007900000001,贵州省贵阳市南明区瑞金南路83号,待定
677443,84952015812053Q,M3749838,,贵州省,贵阳市,南明区,26.561803,106.685745,贵州省贵阳市南明区公园中路,待定
677444,8495201539900LU,M4092926,,贵州省,贵阳市,南明区,26.56206,106.653099,贵州省贵阳市南明区,待定
677445,8495201509400L7,M1966104,,贵州省,贵阳市,南明区,26.559672999999997,106.687278,贵州省贵阳市南明区黄岭路57-1,待定
677446,102701059981060,10079039,,贵州省,贵阳市,南明区,26.573786,106.72738100000001,贵州省贵阳市南明区翠微巷,待定
677447,443701054110060,10030106,,贵州省,贵阳市,花溪区,26.534163,106.711894,贵州省贵阳市花溪区黔江路,待定
677448,898520141110003,01141889,,贵州省,贵阳市,南明区,26.572306,106.715356,贵州省贵阳市南明区青云路339号,待定
677449,105701000001877,00070264,,贵州省,贵阳市,南明区,26.564275,106.73064199999999,贵州省贵阳市南明区南岳路81号,待定
677450,8495201581205KC,M3194234,,贵州省,贵阳市,南明区,26.566762,106.678068,贵州省贵阳市南明区小车河路,待定
677451,898520193110160,01161591,,贵州省,贵阳市,南明区,26.578340999999998,106.710449,贵州省贵阳市南明区瑞金南路3,待定
677452,443701054110117,20010102,,贵州省,贵阳市,南明区,26.552597,106.69795800000001,贵州省贵阳市南明区桃园路,待定
677453,105000253112479,10005440,,贵州省,贵阳市,南明区,26.577959000000003,106.70706499999999,贵州省贵阳市南明区花溪大道56-6号,待定
677454,105000253111774,10004827,,贵州省,贵阳市,南明区,26.577571000000002,106.706925,贵州省贵阳市南明区溪大道北段45号,待定
677455,8495201581400NV,M4110556,,贵州省,贵阳市,南明区,26.563627,106.68692800000001,贵州省贵阳市南明区都会大道,待定
677456,8495201571200SA,95211023,,贵州省,贵阳市,南明区,26.569136999999998,106.672207,贵州省贵阳市南明区,待定
677457,105000253112056,10004978,,贵州省,贵阳市,南明区,26.577909000000002,106.706962,贵州省贵阳市南明区花溪大道56-6号,待定
677458,898520159991155,32200004,,贵州省,贵阳市,南明区,26.573566999999997,106.692543,贵州省贵阳市南明区中山南路,待定
677459,898520141110003,01141555,,贵州省,贵阳市,南明区,26.580140999999998,106.71431100000001,贵州省贵阳市南明区都司路59号,待定
677460,105701000004693,10000167,,贵州省,贵阳市,南明区,26.552009,106.669945,贵州省贵阳市南明区,待定
677461,821520154110051,00530001,,贵州省,贵阳市,南明区,26.580664000000002,106.738441,贵州省贵阳市南明区盘桥路13号,待定
677462,8495201729800EN,M4115788,,贵州省,贵阳市,南明区,26.567472,106.68359299999999,贵州省贵阳市南明区贵阳街立交,待定
677463,84952015311007K,M4063455,,贵州省,贵阳市,南明区,26.569889,106.689071,贵州省贵阳市南明区公园中路,待定
677464,8495201553200AG,M3241301,,贵州省,贵阳市,南明区,26.562779,106.686489,贵州省贵阳市南明区都会大道,待定
677465,8495201566100A5,M3811794,,贵州省,贵阳市,南明区,26.568638,106.68830700000001,贵州省贵阳市南明区公园中路,待定
677466,105000253112254,10005007,,贵州省,贵阳市,南明区,26.577899,106.70693600000001,贵州省贵阳市南明区花溪大道56-6号,待定
677467,84952015921008H,M1256223,,贵州省,贵阳市,花溪区,26.552933000000003,106.65986699999999,贵州省贵阳市花溪区,待定
677468,105000059126620,10009335,,贵州省,贵阳市,南明区,26.55994,106.67266599999999,贵州省贵阳市南明区甲秀南路,待定
677469,105000059126433,10008934,,贵州省,贵阳市,南明区,26.547494,106.709731,贵州省贵阳市南明区沙冲东路145,待定
677470,105701000004693,10000181,,贵州省,贵阳市,南明区,26.559225,106.68096499999999,贵州省贵阳市南明区太金线,待定
677471,84952014722009W,M4115788,,贵州省,贵阳市,南明区,26.567517,106.68361000000002,贵州省贵阳市南明区贵阳街立交,待定
677472,105000051220221,00101920,,贵州省,贵阳市,南明区,26.558967,106.683696,贵州省贵阳市南明区黄岭路59-1,待定
677473,105000253112528,10005450,,贵州省,贵阳市,南明区,26.577571000000002,106.706925,贵州省贵阳市南明区溪大道北段45号,待定
677474,898520159120523,11700891,,贵州省,贵阳市,南明区,26.570575,106.69233999999999,贵州省贵阳市南明区惠隆路,待定
677475,105701000004693,10000164,,贵州省,贵阳市,南明区,26.565718,106.718644,贵州省贵阳市南明区解放路106号,待定
677476,84952015993005Y,M4116086,,贵州省,贵阳市,南明区,26.554478000000003,106.66924099999999,贵州省贵阳市南明区X125(金竹路),待定
677477,8495201597700BF,M4092926,,贵州省,贵阳市,南明区,26.562039000000002,106.65311499999999,贵州省贵阳市南明区,待定
677478,898520154111305,15355351,,贵州省,贵阳市,南明区,26.529183000000003,106.68618899999998,贵州省贵阳市南明区五湖巷,待定
677479,84952015631005O,M4092926,,贵州省,贵阳市,南明区,26.56202,106.653155,贵州省贵阳市南明区,待定
677480,84952015948005C,M3241301,,贵州省,贵阳市,南明区,26.562781,106.686507,贵州省贵阳市南明区都会大道,待定
677481,8495201581400JC,M3241301,,贵州省,贵阳市,南明区,26.562781,106.686507,贵州省贵阳市南明区都会大道,待定
677482,105000253111768,10004825,,贵州省,贵阳市,南明区,26.577909000000002,106.706962,贵州省贵阳市南明区花溪大道56-6号,待定
677483,8495201533100FJ,M3749838,,贵州省,贵阳市,南明区,26.561803,106.685745,贵州省贵阳市南明区公园中路,待定
677484,105000253112256,10005010,,贵州省,贵阳市,南明区,26.577571000000002,106.706925,贵州省贵阳市南明区溪大道北段45号,待定
677485,898520159991155,32200006,,贵州省,贵阳市,南明区,26.568956,106.69448999999999,贵州省贵阳市南明区惠隆路,待定
677486,102701058120514,20400002,,贵州省,贵阳市,南明区,26.546267999999998,106.801391,贵州省贵阳市南明区西南环线,待定
677487,84952015812046N,M4050913,,贵州省,贵阳市,南明区,26.569867,106.689066,贵州省贵阳市南明区公园中路,待定
677488,443701054110059,10050111,,贵州省,贵阳市,南明区,26.563793,106.723984,贵州省贵阳市南明区南厂路151号,待定
677489,105000051220064,00102062,,贵州省,贵阳市,南明区,26.564521999999997,106.71771799999999,贵州省贵阳市南明区营盘路13号,待定
677490,105000059126431,10008935,,贵州省,贵阳市,南明区,26.557464000000003,106.707315,贵州省贵阳市南明区朝阳洞路27号,待定
677491,102701057120213,20217001,,贵州省,贵阳市,南明区,26.574022999999997,106.70881200000001,贵州省贵阳市南明区贵惠路38号,待定
677492,898520141110003,01140830,,贵州省,贵阳市,南明区,26.576412,106.71185,贵州省贵阳市南明区文化路96号,待定
677493,102701058121728,21617001,,贵州省,贵阳市,南明区,26.562784000000004,106.723155,贵州省贵阳市南明区南厂路94-14号,待定
677494,8495201531100AQ,M3194234,,贵州省,贵阳市,南明区,26.557349,106.68264099999999,贵州省贵阳市南明区黄岭路,待定
677495,8495201701103LG,M3617023,,贵州省,贵阳市,南明区,26.558341,106.68263600000002,贵州省贵阳市南明区黄岭路,待定
677496,84952015814006H,M3617023,,贵州省,贵阳市,南明区,26.56113,106.684871,贵州省贵阳市南明区公园中路,待定
677497,898520159120523,11701771,,贵州省,贵阳市,南明区,26.525671999999997,106.67936499999999,贵州省贵阳市南明区上坝巷,待定
677498,898520193110160,01174728,,贵州省,贵阳市,南明区,26.578249,106.710821,贵州省贵阳市南明区瑞金南路3,待定
677499,898520159120523,11700781,,贵州省,贵阳市,南明区,26.54958400000001,106.716834,贵州省贵阳市南明区望城巷57号,待定
677500,102701059981060,10079030,,贵州省,贵阳市,南明区,26.577952000000003,106.720155,贵州省贵阳市南明区中华南路147,待定
677501,102701059460009,30013002,,贵州省,贵阳市,南明区,26.579278000000002,106.71460800000001,贵州省贵阳市南明区都司路106,待定
677502,102701051371639,21655106,,贵州省,贵阳市,南明区,26.580856,106.731025,贵州省贵阳市南明区都司高架桥路,待定
677503,102701059120371,00375001,,贵州省,贵阳市,南明区,26.573003999999997,106.70896100000002,贵州省贵阳市南明区贵惠路44号,待定
677504,84952015661008L,M3021109,,贵州省,贵阳市,南明区,26.567066999999998,106.679103,贵州省贵阳市南明区延安南路,待定
677505,105000253111776,10004826,,贵州省,贵阳市,南明区,26.577761,106.706956,贵州省贵阳市南明区花溪大道56-6号,待定
677506,84952015970005J,M4092926,,贵州省,贵阳市,南明区,26.562032000000002,106.653071,贵州省贵阳市南明区,待定
677507,102701059981060,10079035,,贵州省,贵阳市,南明区,26.581263,106.723495,贵州省贵阳市南明区会文巷14号,待定
677508,898520141110003,01142148,,贵州省,贵阳市,南明区,26.55345800000001,106.688281,贵州省贵阳市南明区,待定
677509,105000253112453,10005414,,贵州省,贵阳市,南明区,26.577892,106.706981,贵州省贵阳市南明区花溪大道56-6号,待定
677510,898520193110160,01161590,,贵州省,贵阳市,南明区,26.577890999999997,106.710145,贵州省贵阳市南明区瑞金南路83号,待定
677511,898520153310830,88880291,,贵州省,贵阳市,南明区,26.567444000000002,106.685282,贵州省贵阳市南明区贵阳街立交,待定
677512,102701059981060,10079031,,贵州省,贵阳市,南明区,26.57604000000001,106.719149,贵州省贵阳市南明区博爱路152号,待定
677513,8495201565100Q8,M4050913,,贵州省,贵阳市,南明区,26.569874,106.68906000000001,贵州省贵阳市南明区公园中路,待定
677514,898520141110003,01141163,,贵州省,贵阳市,南明区,26.564090999999998,106.682461,贵州省贵阳市南明区都会大道,待定
677515,8495201565100HA,M3015675,,贵州省,贵阳市,南明区,26.576339,106.723579,贵州省贵阳市南明区新华路6号,待定
677516,105000253112532,10005441,,贵州省,贵阳市,南明区,26.577884,106.70693100000001,贵州省贵阳市南明区花溪大道56-6号,待定
677517,443701093110003,02093160,,贵州省,贵阳市,南明区,26.578393,106.71046499999999,贵州省贵阳市南明区瑞金南路3,待定
677518,898520154111305,15425421,,贵州省,贵阳市,南明区,26.545313,106.80025800000001,贵州省贵阳市南明区小碧立交,待定
677519,105000253112059,10004979,,贵州省,贵阳市,南明区,26.577903999999997,106.706974,贵州省贵阳市南明区花溪大道56-6号,待定
677520,105701000004693,10000165,,贵州省,贵阳市,南明区,26.559075,106.673629,贵州省贵阳市南明区甲秀南路,待定
677521,443701054110078,10260105,,贵州省,贵阳市,南明区,26.552784999999997,106.66996200000001,贵州省贵阳市南明区,待定
677522,105701000002726,00090085,,贵州省,贵阳市,南明区,26.540375,106.77936100000001,贵州省贵阳市南明区龙腾路,待定
677523,105000253111772,10004828,,贵州省,贵阳市,南明区,26.577571000000002,106.706925,贵州省贵阳市南明区溪大道北段45号,待定
677524,105701000004693,10000150,,贵州省,贵阳市,南明区,26.567534000000002,106.68536499999999,贵州省贵阳市南明区贵阳街立交,待定
677525,105000253111690,10004767,,贵州省,贵阳市,南明区,26.577571000000002,106.706925,贵州省贵阳市南明区溪大道北段45号,待定
677526,105000051220064,00102058,,贵州省,贵阳市,南明区,26.52599600000001,106.67953200000001,贵州省贵阳市南明区上坝巷,待定
677527,84952015812007P,M4050913,,贵州省,贵阳市,南明区,26.569886,106.68905900000001,贵州省贵阳市南明区公园中路,待定
677528,84952015451006G,M1966104,,贵州省,贵阳市,南明区,26.559666999999997,106.68722700000001,贵州省贵阳市南明区黄岭路57-1,待定
677529,105000253111687,10004765,,贵州省,贵阳市,南明区,26.577571000000002,106.706925,贵州省贵阳市南明区溪大道北段45号,待定
677530,105000253111688,10004766,,贵州省,贵阳市,南明区,26.577571000000002,106.706925,贵州省贵阳市南明区溪大道北段45号,待定
677531,105701000004587,00097828,,贵州省,贵阳市,南明区,26.57705,106.717642,贵州省贵阳市南明区博爱路31号,待定
677532,102701059981060,10079019,,贵州省,贵阳市,南明区,26.567048,106.71079499999999,贵州省贵阳市南明区解放路66号,待定
677533,105000059126572,10009169,,贵州省,贵阳市,云岩区,26.58564,106.741666,贵州省贵阳市云岩区仙人洞路,待定
677534,105000253111775,10004829,,贵州省,贵阳市,南明区,26.577909000000002,106.706962,贵州省贵阳市南明区花溪大道56-6号,待定
677535,8495201701102R8,M4092926,,贵州省,贵阳市,南明区,26.561981,106.652993,贵州省贵阳市南明区,待定
677536,84952015231005S,M3880482,,贵州省,贵阳市,南明区,26.558962,106.678874,贵州省贵阳市南明区延安南路,待定
677537,8495201571200RJ,M3946142,,贵州省,贵阳市,南明区,26.579845000000002,106.72203200000001,贵州省贵阳市南明区富水南路125号,待定
677538,102701057120125,20129001,,贵州省,贵阳市,南明区,26.573844,106.708878,贵州省贵阳市南明区贵惠路44号,待定
677539,105701000000558,00047179,,贵州省,贵阳市,南明区,26.573779,106.70746799999999,贵州省贵阳市南明区贵惠路133号,待定
677540,105000253112448,10005412,,贵州省,贵阳市,南明区,26.577884,106.70698,贵州省贵阳市南明区花溪大道56-6号,待定
677541,105000253112055,10004981,,贵州省,贵阳市,南明区,26.57776500000001,106.70699499999999,贵州省贵阳市南明区花溪大道56-6号,待定
677542,105701000004199,00096213,,贵州省,贵阳市,南明区,26.579758,106.708647,贵州省贵阳市南明区都司路13号,待定
677543,102701059981060,10079024,,贵州省,贵阳市,南明区,26.577728000000004,106.710205,贵州省贵阳市南明区瑞金南路83号,待定
677544,8495201701102MX,M4331934,,贵州省,贵阳市,南明区,26.573671,106.708032,贵州省贵阳市南明区贵惠路62号,待定
677545,105000253112449,10005419,,贵州省,贵阳市,南明区,26.577571000000002,106.706925,贵州省贵阳市南明区溪大道北段45号,待定
677546,898520141110003,01245140,,贵州省,贵阳市,南明区,26.56640800000001,106.685984,贵州省贵阳市南明区公园中路,待定
677547,443701054110060,10030105,,贵州省,贵阳市,花溪区,26.534046000000004,106.711752,贵州省贵阳市花溪区黔江路,待定
677548,105701000002072,00089074,,贵州省,贵阳市,南明区,26.591112,106.763506,贵州省贵阳市南明区水东路,待定
677549,105701000004693,10000166,,贵州省,贵阳市,南明区,26.558868,106.67173500000001,贵州省贵阳市南明区X125(金竹路),待定
677550,898520154111189,10540541,,贵州省,贵阳市,南明区,26.566858,106.67111899999999,贵州省贵阳市南明区五里冲路,待定
677551,105701000004693,10000149,,贵州省,贵阳市,南明区,26.56098900000001,106.7262,贵州省贵阳市南明区南厂路,待定
677552,84952015499003Q,M3749838,,贵州省,贵阳市,南明区,26.561787,106.685726,贵州省贵阳市南明区公园中路,待定
677553,8495201581203CZ,M4050913,,贵州省,贵阳市,南明区,26.569874,106.689054,贵州省贵阳市南明区公园中路,待定
677554,898520154111305,15505501,,贵州省,贵阳市,南明区,26.543507,106.769112,贵州省贵阳市南明区三岔河路,待定
677555,84952015451006Q,M1966104,,贵州省,贵阳市,南明区,26.559666999999997,106.68722700000001,贵州省贵阳市南明区黄岭路57-1,待定
677556,84952017295002L,M4063455,,贵州省,贵阳市,南明区,26.569874,106.689071,贵州省贵阳市南明区公园中路,待定
677557,105520158130049,00005748,,贵州省,贵阳市,南明区,26.579340000000002,106.720001,贵州省贵阳市南明区中华南路86号,待定
677558,102701059981060,10079046,,贵州省,贵阳市,南明区,26.558806,106.71034099999999,贵州省贵阳市南明区玉溪路10号,待定
677559,105701000004693,10000177,,贵州省,贵阳市,南明区,26.560209999999998,106.683507,贵州省贵阳市南明区太金线,待定
677560,84952015611002J,M2919209,,贵州省,贵阳市,南明区,26.557739,106.660776,贵州省贵阳市南明区,待定
677561,898520141110003,01141079,,贵州省,贵阳市,南明区,26.565440999999996,106.68411100000002,贵州省贵阳市南明区都会大道,待定
677562,105000059126789,10009578,,贵州省,贵阳市,南明区,26.562773999999997,106.675449,贵州省贵阳市南明区小车河路,待定
677563,443701054110076,10240114,,贵州省,贵阳市,南明区,26.502349,106.73603,贵州省贵阳市南明区南站路,待定
677564,84952017311001T,M4115788,,贵州省,贵阳市,南明区,26.5671,106.68346299999999,贵州省贵阳市南明区贵阳街立交,待定
677565,105000253112058,10004980,,贵州省,贵阳市,南明区,26.577909000000002,106.706962,贵州省贵阳市南明区花溪大道56-6号,待定
677566,898520359990551,43145946,,贵州省,贵阳市,南明区,26.578965999999998,106.71483799999999,贵州省贵阳市南明区都司路100,待定
677567,105000253112478,10005438,,贵州省,贵阳市,南明区,26.577918,106.706985,贵州省贵阳市南明区花溪大道56-6号,待定
677568,8495201565100B2,M2919209,,贵州省,贵阳市,南明区,26.554531,106.66889499999999,贵州省贵阳市南明区X125(金竹路),待定
677569,105701000004693,10000157,,贵州省,贵阳市,南明区,26.569803999999998,106.689245,贵州省贵阳市南明区公园中路,待定
677570,8495201565100PF,M3021109,,贵州省,贵阳市,南明区,26.565084000000002,106.68213999999999,贵州省贵阳市南明区都会大道,待定
677571,105000253112259,10005012,,贵州省,贵阳市,南明区,26.577894,106.707024,贵州省贵阳市南明区花溪大道56-6号,待定
677572,84952015094K006,70039988,,贵州省,贵阳市,南明区,26.558429999999998,106.708523,贵州省贵阳市南明区玉溪路158,待定
677573,102701057120241,20245001,,贵州省,贵阳市,南明区,26.573859999999996,106.710333,贵州省贵阳市南明区贵惠路,待定
677574,105000056999972,10008048,,贵州省,贵阳市,南明区,26.562446,106.715985,贵州省贵阳市南明区沙冲北路177,待定
677575,105000253112481,10005439,,贵州省,贵阳市,南明区,26.577884,106.70693100000001,贵州省贵阳市南明区花溪大道56-6号,待定
677576,898520154111305,15085082,,贵州省,贵阳市,南明区,26.571459,106.689733,贵州省贵阳市南明区中山中路,待定
677577,898520141110003,01258607,,贵州省,贵阳市,南明区,26.568783000000003,106.688433,贵州省贵阳市南明区公园中路,待定
677578,105000056998218,10004597,,贵州省,贵阳市,南明区,26.57788,106.707104,贵州省贵阳市南明区花溪大道56-6号,待定
677579,302701053110006,03020619,,贵州省,贵阳市,南明区,26.576784000000004,106.720022,贵州省贵阳市南明区遵义路8,待定
677580,898520154111189,10830831,,贵州省,贵阳市,南明区,26.561168,106.68003700000001,贵州省贵阳市南明区太金线,待定
677581,105701000004693,10000182,,贵州省,贵阳市,南明区,26.558609000000004,106.68262800000001,贵州省贵阳市南明区黄岭路,待定
677582,102701059981060,10079021,,贵州省,贵阳市,南明区,26.580547999999997,106.712841,贵州省贵阳市南明区瑞金南路32-4,待定
677583,898520141110003,01141530,,贵州省,贵阳市,南明区,26.577553,106.71606299999999,贵州省贵阳市南明区杏坛巷1号,待定
677584,8495201539900XP,M3880482,,贵州省,贵阳市,南明区,26.558769,106.67876799999999,贵州省贵阳市南明区延安南路,待定
677585,443701054110073,01090107,,贵州省,贵阳市,南明区,26.561134999999997,106.687891,贵州省贵阳市南明区黄岭路53号,待定
677586,898520141110003,01142031,,贵州省,贵阳市,南明区,26.559519,106.671869,贵州省贵阳市南明区X125(金竹路),待定
677587,102701053111076,41080131,,贵州省,贵阳市,南明区,26.562761,106.72306699999999,贵州省贵阳市南明区南厂路94-7号,待定
677588,8495201509400MX,M3146199,,贵州省,贵阳市,南明区,26.552369,106.690242,贵州省贵阳市南明区车水路,待定
677589,8495201569901MY,M4212555,,贵州省,贵阳市,南明区,26.554471000000003,106.67125300000001,贵州省贵阳市南明区西二环,待定
677590,898520159120523,11700433,,贵州省,贵阳市,南明区,26.54774,106.68481299999999,贵州省贵阳市南明区小车河路,待定
677591,443701054110119,10090114,,贵州省,贵阳市,南明区,26.559323,106.671957,贵州省贵阳市南明区X125(金竹路),待定
677592,102701059981060,10079017,,贵州省,贵阳市,南明区,26.567373999999997,106.713118,贵州省贵阳市南明区遵义路187,待定
677593,84952017011009Y,M3241301,,贵州省,贵阳市,南明区,26.562778,106.686502,贵州省贵阳市南明区都会大道,待定
677594,105701000002072,00089063,,贵州省,贵阳市,云岩区,26.580325,106.744529,贵州省贵阳市云岩区红岩路,待定
677595,898520141110003,01142318,,贵州省,贵阳市,云岩区,26.578564,106.704824,贵州省贵阳市云岩区浣纱路295号,待定
677596,105000050941174,10001524,,贵州省,贵阳市,南明区,26.568608,106.68834299999999,贵州省贵阳市南明区遵义中路,待定
677597,105000253111751,10004764,,贵州省,贵阳市,南明区,26.577571000000002,106.706925,贵州省贵阳市南明区溪大道北段45号,待定
677598,105000253112053,10004983,,贵州省,贵阳市,南明区,26.577902,106.707026,贵州省贵阳市南明区花溪大道56-6号,待定
677599,105000253111691,10004768,,贵州省,贵阳市,南明区,26.577571000000002,106.706925,贵州省贵阳市南明区溪大道北段45号,待定
677600,102701070110351,10298013,,贵州省,贵阳市,南明区,26.576486,106.71305,贵州省贵阳市南明区文化路96-6号,待定
677601,105000056998273,10004614,,贵州省,贵阳市,南明区,26.57776500000001,106.70699499999999,贵州省贵阳市南明区花溪大道56-6号,待定
677602,898520154111305,15095092,,贵州省,贵阳市,南明区,26.573090999999998,106.690197,贵州省贵阳市南明区松山南路,待定
677603,443701054110117,20010106,,贵州省,贵阳市,南明区,26.552738,106.697818,贵州省贵阳市南明区桃园路,待定
677604,102701059981060,10079001,,贵州省,贵阳市,南明区,26.562508,106.700449,贵州省贵阳市南明区解放西路216号,待定
677605,105000253112537,10005449,,贵州省,贵阳市,南明区,26.577909000000002,106.707027,贵州省贵阳市南明区花溪大道56-6号,待定
677606,105000253112480,10005433,,贵州省,贵阳市,南明区,26.577894,106.707024,贵州省贵阳市南明区花溪大道56-6号,待定
677607,84952015813009C,M4092926,,贵州省,贵阳市,南明区,26.562057,106.653089,贵州省贵阳市南明区,待定
677608,898520159120523,11700212,,贵州省,贵阳市,南明区,26.563202,106.69348899999999,贵州省贵阳市南明区艺校立交,待定
677609,302701053110006,03020698,,贵州省,贵阳市,南明区,26.576419,106.71998799999999,贵州省贵阳市南明区遵义路9号,待定
677610,105000072988275,10007682,,贵州省,贵阳市,南明区,26.589015000000003,106.76141899999999,贵州省贵阳市南明区水东路,待定
677611,84952015094003P,M4163801,,贵州省,贵阳市,南明区,26.547679,106.683022,贵州省贵阳市南明区小车河路,待定
677612,443701054110059,10050103,,贵州省,贵阳市,南明区,26.563926000000002,106.724345,贵州省贵阳市南明区南厂路107号,待定
677613,898520141110003,01141228,,贵州省,贵阳市,南明区,26.58008,106.714983,贵州省贵阳市南明区都司路75,待定
677614,443701054110078,10260107,,贵州省,贵阳市,南明区,26.552783,106.670033,贵州省贵阳市南明区,待定
677615,102701053111076,41080117,,贵州省,贵阳市,南明区,26.562548,106.722885,贵州省贵阳市南明区南厂路,待定
677616,105000056998272,10004613,,贵州省,贵阳市,南明区,26.577761,106.706956,贵州省贵阳市南明区花溪大道56-6号,待定
677617,898520141110003,01142438,,贵州省,贵阳市,云岩区,26.583761,106.730189,贵州省贵阳市云岩区中山东路2号,待定
677618,105000253112455,10005413,,贵州省,贵阳市,南明区,26.577885,106.70693500000002,贵州省贵阳市南明区花溪大道56-6号,待定
677619,8495201581204DZ,M3194234,,贵州省,贵阳市,南明区,26.567928000000002,106.676503,贵州省贵阳市南明区杨家山隧道,待定
677620,898520154111305,15185181,,贵州省,贵阳市,云岩区,26.57825,106.745871,贵州省贵阳市云岩区红岩路11,待定
677621,102701059981060,10079026,,贵州省,贵阳市,南明区,26.561918,106.68578400000001,贵州省贵阳市南明区公园中路,待定
677622,898520193110160,01188687,,贵州省,贵阳市,南明区,26.57835,106.710251,贵州省贵阳市南明区瑞金南路71,待定
677623,105000059126788,10009577,,贵州省,贵阳市,南明区,26.569883,106.69371100000001,贵州省贵阳市南明区花果园大街,待定
677624,8495201569900TR,M3241301,,贵州省,贵阳市,南明区,26.562778,106.686501,贵州省贵阳市南明区都会大道,待定
677625,8495201729800A5,M4110556,,贵州省,贵阳市,南明区,26.554471999999997,106.66925900000001,贵州省贵阳市南明区X125(金竹路),待定
677626,105000253112447,10005417,,贵州省,贵阳市,南明区,26.577571000000002,106.706925,贵州省贵阳市南明区溪大道北段45号,待定
677627,84952017298003I,M4092926,,贵州省,贵阳市,南明区,26.562046999999996,106.65312,贵州省贵阳市南明区,待定
677628,105000253111770,10004834,,贵州省,贵阳市,南明区,26.57776500000001,106.70699499999999,贵州省贵阳市南明区花溪大道56-6号,待定
677629,8495201569900JB,M3194234,,贵州省,贵阳市,南明区,26.557345,106.68263700000001,贵州省贵阳市南明区黄岭路,待定
677630,105701000004693,10000156,,贵州省,贵阳市,南明区,26.57903,106.71511699999999,贵州省贵阳市南明区都司路126号,待定
677631,898520141110003,01142518,,贵州省,贵阳市,南明区,26.562278999999997,106.702459,贵州省贵阳市南明区南冲巷24,待定
677632,8495201701103TA,M1966104,,贵州省,贵阳市,南明区,26.559639,106.68666599999999,贵州省贵阳市南明区黄岭路57-1,待定
677633,84952055722001Q,73656204,,贵州省,贵阳市,南明区,26.575428999999996,106.697736,贵州省贵阳市南明区松花路,待定
677634,898520141110003,01143170,,贵州省,贵阳市,南明区,26.579437,106.71524,贵州省贵阳市南明区都司路69,待定
677635,105000358127146,10010561,,贵州省,贵阳市,南明区,26.574398,106.72616799999999,贵州省贵阳市南明区阳明路1号,待定
677636,102701057340353,01080209,,贵州省,贵阳市,南明区,26.580605,106.71304099999999,贵州省贵阳市南明区瑞金南路32-3,待定
677637,QRC485070000503,01080209,,贵州省,贵阳市,南明区,26.573865,106.715566,贵州省贵阳市南明区瑞金南路131号,待定
677638,QRC482200007715,01080209,,贵州省,贵阳市,南明区,26.558028999999998,106.66288899999999,贵州省贵阳市南明区,待定
677639,102701082410029,01080209,,贵州省,贵阳市,南明区,26.580236,106.71264599999999,贵州省贵阳市南明区都司路101,待定
677640,105701000002015,00086195,,贵州省,贵阳市,南明区,26.560306,106.68479099999999,贵州省贵阳市南明区公园中路,待定
677641,102701059770240,01080209,,贵州省,贵阳市,南明区,26.580725,106.712523,贵州省贵阳市南明区瑞金南路32-4,待定
677642,QRC482200009056,01080209,,贵州省,贵阳市,南明区,26.561798,106.674901,贵州省贵阳市南明区小车河路,待定
677643,QRC482200006025,01080209,,贵州省,贵阳市,南明区,26.587952,106.760908,贵州省贵阳市南明区,待定
677644,102701007630358,01080209,,贵州省,贵阳市,南明区,26.580739,106.712699,贵州省贵阳市南明区瑞金南路32-3,待定
677645,QRC482200006582,01080209,,贵州省,贵阳市,南明区,26.579603000000002,106.73113799999999,贵州省贵阳市南明区都司高架桥路,待定
677646,102701059770241,01080209,,贵州省,贵阳市,南明区,26.580229,106.71302,贵州省贵阳市南明区都司路95,待定
677647,102701082990623,01080209,,贵州省,贵阳市,南明区,26.580609999999997,106.71303700000001,贵州省贵阳市南明区瑞金南路32-3,待定
677648,105000158124675,00106010,,贵州省,贵阳市,南明区,26.589146000000003,106.760205,贵州省贵阳市南明区水东路,待定
677649,102701050391987,01080209,,贵州省,贵阳市,南明区,26.580626000000002,106.713035,贵州省贵阳市南明区瑞金南路32-3,待定
677650,102701072781702,01080209,,贵州省,贵阳市,南明区,26.555119,106.74061699999999,贵州省贵阳市南明区,待定
677651,QRC480252015664,00007554,,贵州省,贵阳市,南明区,26.580212,106.713499,贵州省贵阳市南明区都司路91,待定
677652,QRC482200003921,01080209,,贵州省,贵阳市,南明区,26.511191999999998,106.732977,贵州省贵阳市南明区G321(南二环),待定
677653,QRC485070000588,01080209,,贵州省,贵阳市,南明区,26.558969,106.68263700000001,贵州省贵阳市南明区黄岭路59-1,待定
677654,QRC480252079803,00065046,,贵州省,贵阳市,南明区,26.580890999999998,106.73171699999999,贵州省贵阳市南明区都司高架桥路,待定
677655,102701048161368,01080209,,贵州省,贵阳市,南明区,26.580633000000002,106.71303400000001,贵州省贵阳市南明区瑞金中路32,待定
677656,QRC480252039125,01080209,,贵州省,贵阳市,南明区,26.566871999999996,106.684848,贵州省贵阳市南明区公园中路,待定
677657,102701055110867,01080209,,贵州省,贵阳市,南明区,26.580683,106.712997,贵州省贵阳市南明区瑞金中路32,待定
677658,QRC482200004220,01080209,,贵州省,贵阳市,南明区,26.562023999999997,106.73313,贵州省贵阳市南明区嘉润路45号,待定
677659,102701053310402,01080209,,贵州省,贵阳市,南明区,26.550778,106.671595,贵州省贵阳市南明区,待定
677660,822701053990324,angzh003,,贵州省,贵阳市,南明区,26.576439,106.71291299999999,贵州省贵阳市南明区文化路96-6号,待定
677661,105000056996745,10002994,,贵州省,贵阳市,南明区,26.575712,106.72813700000002,贵州省贵阳市南明区西湖路68号,待定
677662,105000241218342,10010885,,贵州省,贵阳市,南明区,26.565399,106.684467,贵州省贵阳市南明区都会大道,待定
677663,QRC482611112585,01080209,,贵州省,贵阳市,南明区,26.554315999999996,106.687375,贵州省贵阳市南明区,待定
677664,102701056910016,01080209,,贵州省,贵阳市,南明区,26.580677,106.713002,贵州省贵阳市南明区瑞金中路32,待定
677665,QRC482200008380,01080209,,贵州省,贵阳市,南明区,26.557064,106.708928,贵州省贵阳市南明区玉田巷24号,待定
677666,102701082990624,01080209,,贵州省,贵阳市,南明区,26.580695000000002,106.71301399999999,贵州省贵阳市南明区瑞金中路32,待定
677667,QRC480252079889,00076370,,贵州省,贵阳市,南明区,26.579687,106.732248,贵州省贵阳市南明区宝山北路2号,待定
677668,QRC485070000655,01080209,,贵州省,贵阳市,南明区,26.556798999999998,106.68053400000001,贵州省贵阳市南明区,待定
677669,105000341211106,10012867,,贵州省,贵阳市,南明区,26.559832,106.735721,贵州省贵阳市南明区嘉润路69号,待定
677670,102701054990613,01080209,,贵州省,贵阳市,南明区,26.512638,106.733419,贵州省贵阳市南明区G321(南二环),待定
677671,102701073921113,01080209,,贵州省,贵阳市,南明区,26.580659999999998,106.71303300000001,贵州省贵阳市南明区瑞金中路32,待定
677672,QRC480200005537,00000546,,贵州省,贵阳市,南明区,26.573231,106.70954099999999,贵州省贵阳市南明区青云路,待定
677673,QRC482200006597,01080209,,贵州省,贵阳市,南明区,26.558046,106.66286200000002,贵州省贵阳市南明区,待定
677674,QRC485070000994,01080209,,贵州省,贵阳市,南明区,26.573915000000003,106.71552199999999,贵州省贵阳市南明区瑞金南路131号,待定
677675,QRC482200005504,01080209,,贵州省,贵阳市,南明区,26.577543,106.731998,贵州省贵阳市南明区观水路67号,待定
677676,102702052510030,01080209,,贵州省,贵阳市,南明区,26.566576,106.709926,贵州省贵阳市南明区遵义路318号,待定
677677,102701072781701,01080209,,贵州省,贵阳市,南明区,26.580396999999998,106.712929,贵州省贵阳市南明区都司路95,待定
677678,QRC482100047900,00042346,,贵州省,贵阳市,南明区,26.579029,106.715553,贵州省贵阳市南明区都司路126号,待定
677679,102701073990801,01080209,,贵州省,贵阳市,南明区,26.580606,106.71303400000001,贵州省贵阳市南明区瑞金南路32-3,待定
677680,102702089120075,01080209,,贵州省,贵阳市,南明区,26.573078000000002,106.70811599999999,贵州省贵阳市南明区贵惠路62号,待定
677681,QRC482200007175,01080209,,贵州省,贵阳市,南明区,26.561562,106.73276899999999,贵州省贵阳市南明区嘉润路,待定
677682,105000658122117,10017629,,贵州省,贵阳市,云岩区,26.584486,106.74226200000001,贵州省贵阳市云岩区仙人洞路,待定
677683,102701050720564,01080209,,贵州省,贵阳市,南明区,26.581213,106.71253600000001,贵州省贵阳市南明区瑞金中路10号,待定
677684,102701065130370,01080209,,贵州省,贵阳市,南明区,26.554003,106.742423,贵州省贵阳市南明区东站立交,待定
677685,QRC482200009102,01080209,,贵州省,贵阳市,南明区,26.560499,106.678859,贵州省贵阳市南明区太金线,待定
677686,QRC482200001848,01080209,,贵州省,贵阳市,南明区,26.557997999999998,106.66293999999999,贵州省贵阳市南明区,待定
677687,102701048161369,01080209,,贵州省,贵阳市,南明区,26.58065,106.71299599999999,贵州省贵阳市南明区瑞金南路32-3,待定
677688,QRC482200006129,01080209,,贵州省,贵阳市,云岩区,26.582535999999998,106.74723700000001,贵州省贵阳市云岩区水东路,待定
677689,QRC482200002136,01080209,,贵州省,贵阳市,南明区,26.578288,106.717202,贵州省贵阳市南明区复兴巷1号,待定
677690,QRC480252012093,00081412,,贵州省,贵阳市,南明区,26.557237,106.708996,贵州省贵阳市南明区玉田巷24号,待定
677691,QRC482200005924,01080209,,贵州省,贵阳市,南明区,26.552497,106.707246,贵州省贵阳市南明区朝阳巷,待定
677692,QRC482200005651,01080209,,贵州省,贵阳市,云岩区,26.578395,106.701275,贵州省贵阳市云岩区花果园街76号,待定
677693,102701072950143,01080209,,贵州省,贵阳市,南明区,26.580629,106.71303999999999,贵州省贵阳市南明区瑞金中路32,待定
677694,QRC482200006101,01080209,,贵州省,贵阳市,南明区,26.56353,106.672623,贵州省贵阳市南明区甲秀南路,待定
677695,QRC480252071637,01080209,,贵州省,贵阳市,南明区,26.58053,106.73121200000001,贵州省贵阳市南明区都司高架桥路,待定
677696,102701051110215,01080209,,贵州省,贵阳市,南明区,26.567220000000002,106.713246,贵州省贵阳市南明区遵义路64号,待定
677697,QRC480252084802,00079628,,贵州省,贵阳市,南明区,26.573906,106.70401799999999,贵州省贵阳市南明区贵惠路232号,待定
677698,102701056910019,01080209,,贵州省,贵阳市,南明区,26.580686,106.71302,贵州省贵阳市南明区瑞金中路32,待定
677699,QRC485070000801,01080209,,贵州省,贵阳市,南明区,26.573727,106.715643,贵州省贵阳市南明区瑞金南路131号,待定
677700,102701073720220,01080209,,贵州省,贵阳市,南明区,26.580651,106.71303600000002,贵州省贵阳市南明区瑞金中路32,待定
677701,QRC482611114661,00003584,,贵州省,贵阳市,南明区,26.557924,106.68346299999999,贵州省贵阳市南明区黄岭路,待定
677702,102701050391988,01080209,,贵州省,贵阳市,南明区,26.58056,106.71303999999999,贵州省贵阳市南明区瑞金南路32-3,待定
677703,105000056995812,10000650,,贵州省,贵阳市,南明区,26.56897,106.691948,贵州省贵阳市南明区花果园大街,待定
677704,QRC485070000646,01080209,,贵州省,贵阳市,南明区,26.560903999999997,106.681418,贵州省贵阳市南明区太金线,待定
677705,QRC482200005190,01080209,,贵州省,贵阳市,南明区,26.555452000000002,106.669854,贵州省贵阳市南明区X125(金竹路),待定
677706,QRC482200000127,01080209,,贵州省,贵阳市,花溪区,26.53469500000001,106.71045500000001,贵州省贵阳市花溪区黔江路159,待定
677707,102701073110705,01080209,,贵州省,贵阳市,南明区,26.558796,106.710204,贵州省贵阳市南明区玉溪路10号,待定
677708,102701073990802,01080209,,贵州省,贵阳市,南明区,26.580661,106.71303300000001,贵州省贵阳市南明区瑞金中路32,待定
677709,QRC485070000716,01080209,,贵州省,贵阳市,南明区,26.573727,106.715503,贵州省贵阳市南明区瑞金南路131号,待定
677710,102701056910022,01080209,,贵州省,贵阳市,南明区,26.580336,106.71270200000001,贵州省贵阳市南明区都司路99,待定
677711,102701050391986,01080209,,贵州省,贵阳市,南明区,26.580371999999997,106.712898,贵州省贵阳市南明区都司路95,待定
677712,102701079910090,01080209,,贵州省,贵阳市,南明区,26.580561,106.71303600000002,贵州省贵阳市南明区瑞金南路32-3,待定
677713,QRC485070000027,01080209,,贵州省,贵阳市,南明区,26.57397000000001,106.71561399999999,贵州省贵阳市南明区瑞金南路131号,待定
677714,QRC482200007069,01080209,,贵州省,贵阳市,南明区,26.561829,106.674903,贵州省贵阳市南明区小车河路,待定
677715,QRC480252095246,01080209,,贵州省,贵阳市,南明区,26.553566999999997,106.670323,贵州省贵阳市南明区,待定
677716,105000241218439,10010918,,贵州省,贵阳市,南明区,26.571817,106.720688,贵州省贵阳市南明区兴关路5-3,待定
677717,105000141219931,10006913,,贵州省,贵阳市,南明区,26.565265999999998,106.713629,贵州省贵阳市南明区解放路94-8号,待定
677718,102701072770097,01080209,,贵州省,贵阳市,南明区,26.580694,106.71295900000001,贵州省贵阳市南明区瑞金中路32,待定
677719,105000358124105,10009676,,贵州省,贵阳市,云岩区,26.583721,106.74056399999999,贵州省贵阳市云岩区晒田坝路154号,待定
677720,QRC482200007346,01080209,,贵州省,贵阳市,南明区,26.579514,106.730934,贵州省贵阳市南明区都司高架桥路,待定
677721,105910200135428,00077562,,贵州省,贵阳市,南明区,26.553240999999996,106.670258,贵州省贵阳市南明区,待定
677722,102701070130476,01080209,,贵州省,贵阳市,南明区,26.580154999999998,106.71271100000001,贵州省贵阳市南明区都司路99,待定
677723,QRC480252056894,00033983,,贵州省,贵阳市,南明区,26.563887,106.696877,贵州省贵阳市南明区中环路南段,待定
677724,102701056910021,01080209,,贵州省,贵阳市,南明区,26.580595000000002,106.713026,贵州省贵阳市南明区瑞金南路32-3,待定
677725,QRC480252076402,00083321,,贵州省,贵阳市,南明区,26.552442,106.66988700000002,贵州省贵阳市南明区,待定
677726,QRC482200007288,01080209,,贵州省,贵阳市,南明区,26.57437800000001,106.68991799999999,贵州省贵阳市南明区松山南路,待定
677727,QRC482200003082,01080209,,贵州省,贵阳市,南明区,26.558031,106.66288600000001,贵州省贵阳市南明区,待定
677728,QRC480252078075,00065188,,贵州省,贵阳市,南明区,26.580834999999997,106.731637,贵州省贵阳市南明区都司高架桥路,待定
677729,QRC482200001792,01080209,,贵州省,贵阳市,南明区,26.576981,106.73181100000001,贵州省贵阳市南明区观水路36号,待定
677730,102701056210042,01080209,,贵州省,贵阳市,南明区,26.579621000000003,106.71256499999998,贵州省贵阳市南明区都司路142,待定
677731,QRC485070000986,01080209,,贵州省,贵阳市,南明区,26.573853999999997,106.71565600000001,贵州省贵阳市南明区瑞金南路131号,待定
677732,105000241210807,10007646,,贵州省,贵阳市,南明区,26.559714000000003,106.708703,贵州省贵阳市南明区玉溪路26,待定
677733,QRC480252061649,00083258,,贵州省,贵阳市,云岩区,26.586399,106.747234,贵州省贵阳市云岩区东山路,待定
677734,QRC485070000691,01080209,,贵州省,贵阳市,南明区,26.563823,106.673947,贵州省贵阳市南明区甲秀南路,待定
677735,QRC482200001105,01080209,,贵州省,贵阳市,南明区,26.570828000000002,106.71319799999999,贵州省贵阳市南明区遵义巷221号,待定
677736,105701000003410,00092561,,贵州省,贵阳市,南明区,26.579182,106.713632,贵州省贵阳市南明区文化路1,待定
677737,QRC482200002650,01080209,,贵州省,贵阳市,南明区,26.552925,106.698604,贵州省贵阳市南明区桃园路,待定
677738,QRC482200008071,01080209,,贵州省,贵阳市,南明区,26.549424,106.703324,贵州省贵阳市南明区沙冲南路,待定
677739,QRC480252075928,00077325,,贵州省,贵阳市,南明区,26.580151,106.71271499999999,贵州省贵阳市南明区都司路99,待定
677740,105701000004598,00097761,,贵州省,贵阳市,南明区,26.550146,106.685745,贵州省贵阳市南明区,待定
677741,102701059920018,01080209,,贵州省,贵阳市,南明区,26.579977000000003,106.712701,贵州省贵阳市南明区都司路99,待定
677742,102701080990241,01080209,,贵州省,贵阳市,南明区,26.580612,106.713027,贵州省贵阳市南明区瑞金南路32-3,待定
677743,QRC482200002161,01080209,,贵州省,贵阳市,南明区,26.562009000000003,106.675151,贵州省贵阳市南明区小车河路,待定
677744,QRC482200009247,01080209,,贵州省,贵阳市,南明区,26.562056,106.733107,贵州省贵阳市南明区嘉润路45号,待定
677745,102701058121734,01080209,,贵州省,贵阳市,南明区,26.580109999999998,106.712502,贵州省贵阳市南明区都司路101,待定
677746,QRC480252058974,01080209,,贵州省,贵阳市,南明区,26.559528000000004,106.674301,贵州省贵阳市南明区甲秀南路,待定
677747,102701048161366,01080209,,贵州省,贵阳市,南明区,26.581186,106.712525,贵州省贵阳市南明区瑞金中路10号,待定
677748,QRC480252046527,00083041,,贵州省,贵阳市,南明区,26.560715999999996,106.72691599999999,贵州省贵阳市南明区南厂路,待定
677749,102701054990639,01080209,,贵州省,贵阳市,南明区,26.580585,106.71303799999998,贵州省贵阳市南明区瑞金南路32-3,待定
677750,102701072781704,01080209,,贵州省,贵阳市,南明区,26.580835999999998,106.712768,贵州省贵阳市南明区瑞金中路32,待定
677751,102701058121732,01080209,,贵州省,贵阳市,南明区,26.580776,106.71266000000001,贵州省贵阳市南明区瑞金南路32-3,待定
677752,QRC485070000213,01080209,,贵州省,贵阳市,南明区,26.573878999999998,106.715581,贵州省贵阳市南明区瑞金南路131号,待定
677753,QRC482611112629,01080209,,贵州省,贵阳市,南明区,26.567815999999997,106.71827900000001,贵州省贵阳市南明区兴关路160,待定
677754,102701050510878,01080209,,贵州省,贵阳市,南明区,26.580681,106.713049,贵州省贵阳市南明区瑞金中路32,待定
677755,102701089111639,01080209,,贵州省,贵阳市,南明区,26.554056,106.742324,贵州省贵阳市南明区东站立交,待定
677756,105000241218370,10010901,,贵州省,贵阳市,南明区,26.569739000000002,106.689771,贵州省贵阳市南明区公园中路,待定
677757,QRC482200004837,01080209,,贵州省,贵阳市,南明区,26.590312,106.764724,贵州省贵阳市南明区水东路,待定
677758,102701058121735,01080209,,贵州省,贵阳市,南明区,26.580721999999998,106.712523,贵州省贵阳市南明区瑞金南路32-4,待定
677759,QRC482200008434,01080209,,贵州省,贵阳市,南明区,26.574193,106.72673300000001,贵州省贵阳市南明区翠微巷5号,待定
677760,QRC482200001329,01080209,,贵州省,贵阳市,南明区,26.508390999999996,106.72769299999999,贵州省贵阳市南明区贵惠大道,待定
677761,QRC480252022575,00083221,,贵州省,贵阳市,南明区,26.566557,106.73031999999999,贵州省贵阳市南明区嘉润路2号,待定
677762,102702080430017,01080209,,贵州省,贵阳市,南明区,26.573078000000002,106.70811599999999,贵州省贵阳市南明区贵惠路62号,待定
677763,102701072781705,01080209,,贵州省,贵阳市,南明区,26.580696999999997,106.713035,贵州省贵阳市南明区瑞金中路32,待定
677764,102701055110813,01080209,,贵州省,贵阳市,南明区,26.554076000000002,106.742294,贵州省贵阳市南明区东站立交,待定
677765,102701056510279,01080209,,贵州省,贵阳市,南明区,26.580001,106.712704,贵州省贵阳市南明区都司路99,待定
677766,QRC482200007927,01080209,,贵州省,贵阳市,南明区,26.500778000000004,106.732872,贵州省贵阳市南明区,待定
677767,QRC483470000470,00000528,,贵州省,贵阳市,南明区,26.542723,106.69056100000002,贵州省贵阳市南明区G321(花溪大道中段),待定
677768,QRC482611111429,01080209,,贵州省,贵阳市,南明区,26.562963,106.714932,贵州省贵阳市南明区沙冲北路66,待定
677769,105701000004294,00096817,,贵州省,贵阳市,南明区,26.577619,106.709321,贵州省贵阳市南明区建筑巷,待定
677770,102701053990864,01080209,,贵州省,贵阳市,南明区,26.580679999999997,106.713035,贵州省贵阳市南明区瑞金中路32,待定
677771,QRC480200005514,00000464,,贵州省,贵阳市,南明区,26.568953000000004,106.717528,贵州省贵阳市南明区纺织巷,待定
677772,QRC480252073000,00082352,,贵州省,贵阳市,南明区,26.580205,106.70784099999999,贵州省贵阳市南明区琼花巷20号,待定
677773,QRC485070000412,01080209,,贵州省,贵阳市,南明区,26.574143,106.715823,贵州省贵阳市南明区瑞金南路131号,待定
677774,102701056910015,01080209,,贵州省,贵阳市,南明区,26.580391,106.71298999999999,贵州省贵阳市南明区都司路95,待定
677775,102701072781706,01080209,,贵州省,贵阳市,南明区,26.580608,106.71303700000001,贵州省贵阳市南明区瑞金南路32-3,待定
677776,QRC482200006935,01080209,,贵州省,贵阳市,南明区,26.569657,106.69351699999999,贵州省贵阳市南明区惠隆路,待定
677777,105000073112651,10003332,,贵州省,贵阳市,南明区,26.575526,106.728021,贵州省贵阳市南明区西湖路68号,待定
677778,QRC480252045231,01080209,,贵州省,贵阳市,南明区,26.559286,106.673629,贵州省贵阳市南明区甲秀南路,待定
677779,QRC482200002992,01080209,,贵州省,贵阳市,南明区,26.50672,106.72936200000001,贵州省贵阳市南明区贵惠大道,待定
677780,102702057320033,01080209,,贵州省,贵阳市,南明区,26.574094,106.708265,贵州省贵阳市南明区贵惠路83,待定
677781,105000354994092,10014283,,贵州省,贵阳市,南明区,26.562464000000002,106.70217099999999,贵州省贵阳市南明区南冲巷10,待定
677782,QRC482200007216,01080209,,贵州省,贵阳市,南明区,26.556982,106.70878700000002,贵州省贵阳市南明区朝阳洞路39号,待定
677783,102701089111637,01080209,,贵州省,贵阳市,南明区,26.580393,106.71273799999999,贵州省贵阳市南明区瑞金南路34,待定
677784,QRC485070000442,01080209,,贵州省,贵阳市,南明区,26.573868,106.71563700000002,贵州省贵阳市南明区瑞金南路131号,待定
677785,QRC482200009242,01080209,,贵州省,贵阳市,南明区,26.553252,106.680907,贵州省贵阳市南明区延安南路,待定
677786,QRC482200005216,01080209,,贵州省,贵阳市,南明区,26.552887,106.69866499999999,贵州省贵阳市南明区桃园路,待定
677787,QRC480252046170,00034317,,贵州省,贵阳市,南明区,26.566084000000004,106.71891799999999,贵州省贵阳市南明区解放路41号,待定
677788,QRC482200003156,01080209,,贵州省,贵阳市,南明区,26.552946000000002,106.699444,贵州省贵阳市南明区桃园路,待定
677789,102701089992705,01080209,,贵州省,贵阳市,南明区,26.58057800000001,106.71303700000001,贵州省贵阳市南明区瑞金南路32-3,待定
677790,QRC485070000888,00000241,,贵州省,贵阳市,南明区,26.579257000000002,106.715923,贵州省贵阳市南明区都司路128号,待定
677791,QRC485070000750,01080209,,贵州省,贵阳市,南明区,26.573856,106.71561200000001,贵州省贵阳市南明区瑞金南路131号,待定
677792,105000341211100,10012736,,贵州省,贵阳市,南明区,26.577438,106.724694,贵州省贵阳市南明区西湖路,待定
677793,102701056510278,01080209,,贵州省,贵阳市,南明区,26.580576,106.71303300000001,贵州省贵阳市南明区瑞金南路32-3,待定
677794,102701089111638,01080209,,贵州省,贵阳市,南明区,26.580561,106.71303600000002,贵州省贵阳市南明区瑞金南路32-3,待定
677795,102701089111640,01080209,,贵州省,贵阳市,南明区,26.554018,106.74242,贵州省贵阳市南明区东站立交,待定
677796,102701059490500,01080209,,贵州省,贵阳市,南明区,26.580394000000002,106.7127,贵州省贵阳市南明区瑞金南路34,待定
677797,QRC480252024071,00081359,,贵州省,贵阳市,南明区,26.560049,106.706398,贵州省贵阳市南明区玉厂路58,待定
677798,102701050720565,01080209,,贵州省,贵阳市,南明区,26.580551,106.713026,贵州省贵阳市南明区瑞金南路32-3,待定
677799,102701059770239,01080209,,贵州省,贵阳市,南明区,26.580583,106.71303700000001,贵州省贵阳市南明区瑞金南路32-3,待定
677800,102701073940277,01080209,,贵州省,贵阳市,南明区,26.580362,106.71283000000001,贵州省贵阳市南明区都司路99,待定
677801,102701076290028,01080209,,贵州省,贵阳市,南明区,26.579951,106.712701,贵州省贵阳市南明区都司路99,待定
677802,QRC482100054119,00071419,,贵州省,贵阳市,南明区,26.565571999999996,106.71323999999998,贵州省贵阳市南明区解放路92-11号,待定
677803,QRC482200005176,01080209,,贵州省,贵阳市,南明区,26.556377,106.706453,贵州省贵阳市南明区朝阳洞路49号,待定
677804,102701056510276,01080209,,贵州省,贵阳市,南明区,26.580614,106.713039,贵州省贵阳市南明区瑞金南路32-3,待定
677805,102701073921114,01080209,,贵州省,贵阳市,南明区,26.579957,106.712701,贵州省贵阳市南明区都司路99,待定
677806,QRC482200001378,01080209,,贵州省,贵阳市,南明区,26.575656,106.74381399999999,贵州省贵阳市南明区汤家坡路,待定
677807,QRC485070000135,01080209,,贵州省,贵阳市,南明区,26.562953999999998,106.67220400000001,贵州省贵阳市南明区甲秀南路,待定
677808,QRC480200005717,00000681,,贵州省,贵阳市,南明区,26.574484,106.718125,贵州省贵阳市南明区遵义路,待定
677809,105701000002706,00090040,,贵州省,贵阳市,云岩区,26.582237,106.740489,贵州省贵阳市云岩区晒田坝路74号,待定
677810,QRC480252017057,00082921,,贵州省,贵阳市,南明区,26.558695,106.68060200000001,贵州省贵阳市南明区太金线,待定
677811,102701073490043,01080209,,贵州省,贵阳市,南明区,26.580665999999997,106.712994,贵州省贵阳市南明区瑞金中路32,待定
677812,102701059984843,01080209,,贵州省,贵阳市,南明区,26.580299,106.71293600000001,贵州省贵阳市南明区都司路95,待定
677813,102701073990803,01080209,,贵州省,贵阳市,南明区,26.580634000000003,106.712699,贵州省贵阳市南明区瑞金南路32-4,待定
677814,105000056995819,10000648,,贵州省,贵阳市,南明区,26.574336,106.72566100000002,贵州省贵阳市南明区新华路242号,待定
677815,QRC482200007947,01080209,,贵州省,贵阳市,南明区,26.574919,106.743195,贵州省贵阳市南明区汤家坡路,待定
677816,102701050470230,01080209,,贵州省,贵阳市,南明区,26.554026,106.74237,贵州省贵阳市南明区东站立交,待定
677817,QRC480200005394,00000596,,贵州省,贵阳市,南明区,26.558996999999998,106.65614,贵州省贵阳市南明区,待定
677818,QRC480252092245,01080209,,贵州省,贵阳市,南明区,26.558534,106.673658,贵州省贵阳市南明区甲秀南路,待定
677819,QRC485070000868,01080209,,贵州省,贵阳市,南明区,26.557416999999997,106.683283,贵州省贵阳市南明区黄岭路,待定
677820,102701055110866,01080209,,贵州省,贵阳市,南明区,26.580678999999996,106.712985,贵州省贵阳市南明区瑞金中路32,待定
677821,QRC482200007825,01080209,,贵州省,贵阳市,南明区,26.561646999999997,106.674986,贵州省贵阳市南明区小车河路,待定
